{"cls_accuracy": 0.0, "data_time": 0.000405897997552529, "eta_seconds": 10523.955463762075, "iteration": 199, "loss_att": 13.048627376556396, "loss_attprec": 292.6527099609375, "loss_cls": 56.10713577270508, "loss_interpretation": 43.955257415771484, "lr": 4.655102040816327e-06, "time": 0.3340224549974664, "total_loss": 407.68004751205444}
{"cls_accuracy": 0.0, "data_time": 0.00030146699282340705, "eta_seconds": 10398.002582185363, "iteration": 399, "loss_att": 13.121135711669922, "loss_attprec": 135.16552734375, "loss_cls": 57.48395347595215, "loss_interpretation": 32.63612174987793, "lr": 8.328571428571428e-06, "time": 0.3266239945005509, "total_loss": 235.13644886016846}
{"cls_accuracy": 0.0, "data_time": 0.00043069299863418564, "eta_seconds": 10330.087469357393, "iteration": 599, "loss_att": 13.556548595428467, "loss_attprec": 97.07841873168945, "loss_cls": 56.04945182800293, "loss_interpretation": 28.223694801330566, "lr": 1.2002040816326531e-05, "time": 0.32852393700159155, "total_loss": 196.29889678955078}
{"cls_accuracy": 0.0, "data_time": 0.0003386344978935085, "eta_seconds": 10264.03902324444, "iteration": 799, "loss_att": 13.755397319793701, "loss_attprec": 75.61793899536133, "loss_cls": 57.47677230834961, "loss_interpretation": 49.77273368835449, "lr": 1.5675510204081635e-05, "time": 0.3242069200059632, "total_loss": 200.8381905555725}
{"cls_accuracy": 0.0, "data_time": 0.0004766669953824021, "eta_seconds": 10205.163854218867, "iteration": 999, "loss_att": 11.002078533172607, "loss_attprec": 63.576942443847656, "loss_cls": 56.59611892700195, "loss_interpretation": 18.958232879638672, "lr": 1.9348979591836736e-05, "time": 0.3231178025016561, "total_loss": 150.1230068206787}
{"cls_accuracy": 0.0, "data_time": 0.0003851514993584715, "eta_seconds": 10133.469149034783, "iteration": 1199, "loss_att": 11.901209354400635, "loss_attprec": 66.60922241210938, "loss_cls": 55.76100158691406, "loss_interpretation": 15.360667705535889, "lr": 2.3022448979591838e-05, "time": 0.3312602890000562, "total_loss": 151.76963710784912}
{"cls_accuracy": 0.0, "data_time": 0.0002948910041595809, "eta_seconds": 10086.513150205581, "iteration": 1399, "loss_att": 12.076674938201904, "loss_attprec": 66.01028060913086, "loss_cls": 57.220754623413086, "loss_interpretation": 18.142152786254883, "lr": 2.669591836734694e-05, "time": 0.33062048898864305, "total_loss": 155.60498523712158}
{"cls_accuracy": 0.0, "data_time": 0.00043920100142713636, "eta_seconds": 10041.876332566375, "iteration": 1599, "loss_att": 12.134225368499756, "loss_attprec": 63.16697883605957, "loss_cls": 58.02747917175293, "loss_interpretation": 14.670215129852295, "lr": 3.0369387755102048e-05, "time": 0.3368162149999989, "total_loss": 148.4628677368164}
{"cls_accuracy": 0.0, "data_time": 0.00033756800257833675, "eta_seconds": 10008.161153863744, "iteration": 1799, "loss_att": 11.381515979766846, "loss_attprec": 60.36291313171387, "loss_cls": 56.82341957092285, "loss_interpretation": 13.416027069091797, "lr": 3.404285714285714e-05, "time": 0.33551087750674924, "total_loss": 143.66633319854736}
{"cls_accuracy": 0.0, "data_time": 0.0004890264972345904, "eta_seconds": 9963.93492922221, "iteration": 1999, "loss_att": 11.715784072875977, "loss_attprec": 60.861032485961914, "loss_cls": 56.804330825805664, "loss_interpretation": 11.897631645202637, "lr": 3.7716326530612244e-05, "time": 0.33769292649958516, "total_loss": 141.85520315170288}
{"cls_accuracy": 0.0, "data_time": 0.0003838795018964447, "eta_seconds": 9953.054456471727, "iteration": 2199, "loss_att": 10.985604763031006, "loss_attprec": 58.140493392944336, "loss_cls": 57.379655838012695, "loss_interpretation": 11.479968547821045, "lr": 4.138979591836735e-05, "time": 0.3327687130004051, "total_loss": 138.8803367614746}
{"cls_accuracy": 0.0, "data_time": 0.0002875735008274205, "eta_seconds": 9886.246844669273, "iteration": 2399, "loss_att": 12.152403354644775, "loss_attprec": 60.80692100524902, "loss_cls": 54.95285606384277, "loss_interpretation": 16.572333335876465, "lr": 4.506326530612245e-05, "time": 0.33547272650321247, "total_loss": 142.6740288734436}
{"cls_accuracy": 0.0, "data_time": 0.0004215400040266104, "eta_seconds": 9824.90140040381, "iteration": 2599, "loss_att": 11.030200004577637, "loss_attprec": 57.068193435668945, "loss_cls": 56.89658546447754, "loss_interpretation": 9.286636352539062, "lr": 4.873673469387755e-05, "time": 0.3354983405006351, "total_loss": 136.61596012115479}
{"cls_accuracy": 0.0, "data_time": 0.000323799999023322, "eta_seconds": 9754.794154252791, "iteration": 2799, "loss_att": 11.51506757736206, "loss_attprec": 56.12502479553223, "loss_cls": 57.16398239135742, "loss_interpretation": 10.770773887634277, "lr": 5.241020408163265e-05, "time": 0.3323383199967793, "total_loss": 136.4907341003418}
{"cls_accuracy": 0.0, "data_time": 0.0004702775040641427, "eta_seconds": 9701.695643849896, "iteration": 2999, "loss_att": 10.267230987548828, "loss_attprec": 56.77769470214844, "loss_cls": 56.84294319152832, "loss_interpretation": 10.233457565307617, "lr": 5.6083673469387766e-05, "time": 0.33863532350369496, "total_loss": 134.78166723251343}
{"cls_accuracy": 0.0, "data_time": 0.0003771834963117726, "eta_seconds": 9694.211615314664, "iteration": 3199, "loss_att": 9.953968524932861, "loss_attprec": 57.63632774353027, "loss_cls": 56.75489044189453, "loss_interpretation": 8.419729709625244, "lr": 5.975714285714287e-05, "time": 0.33641822549543576, "total_loss": 134.0496208667755}
