{"cls_accuracy": 0.0, "data_time": 0.00048261899792123586, "eta_seconds": 10591.947419566714, "iteration": 199, "loss_att": 8.003182411193848, "loss_attprec": 47.24085998535156, "loss_cls": 55.646820068359375, "loss_interpretation": 0.1286495178937912, "lr": 0.0001, "time": 0.32695232550031506, "total_loss": 110.69465662539005}
{"cls_accuracy": 0.0, "data_time": 0.00037746300222352147, "eta_seconds": 10569.778389630112, "iteration": 399, "loss_att": 7.54472804069519, "loss_attprec": 32.94716262817383, "loss_cls": 55.47501754760742, "loss_interpretation": 0.20937995612621307, "lr": 0.0001, "time": 0.338577909002197, "total_loss": 95.66215617954731}
