{"cls_accuracy": 0.875, "data_time": 0.00045367649727268144, "eta_seconds": 10330.665773296052, "iteration": 199, "loss_att": 8.047966003417969, "loss_attprec": 42.11760902404785, "loss_cls": 6.105869770050049, "loss_interpretation": 0.17339491844177246, "lr": 0.0001, "time": 0.3100522784952773, "total_loss": 57.10818064212799}
{"cls_accuracy": 0.875, "data_time": 0.00041471500298939645, "eta_seconds": 10165.038599108288, "iteration": 399, "loss_att": 7.596373796463013, "loss_attprec": 35.32529830932617, "loss_cls": 7.099004745483398, "loss_interpretation": 0.21688932180404663, "lr": 0.0001, "time": 0.3330019059940241, "total_loss": 51.55952461063862}
{"cls_accuracy": 0.875, "data_time": 0.0005385610056691803, "eta_seconds": 10189.780774876868, "iteration": 599, "loss_att": 7.4459803104400635, "loss_attprec": 30.70205783843994, "loss_cls": 6.443987846374512, "loss_interpretation": 0.35086385905742645, "lr": 0.0001, "time": 0.34603927549324, "total_loss": 45.87561848759651}
{"cls_accuracy": 0.8541666865348816, "data_time": 0.00043787650065496564, "eta_seconds": 10205.629459336757, "iteration": 799, "loss_att": 6.851735830307007, "loss_attprec": 26.460930824279785, "loss_cls": 7.718033790588379, "loss_interpretation": 0.6122366189956665, "lr": 0.0001, "time": 0.33299186750809895, "total_loss": 41.19046461582184}
{"cls_accuracy": 0.875, "data_time": 0.0005821384984301403, "eta_seconds": 10180.144945181724, "iteration": 999, "loss_att": 6.647048234939575, "loss_attprec": 25.707700729370117, "loss_cls": 6.860800504684448, "loss_interpretation": 0.6006546020507812, "lr": 0.0001, "time": 0.3333974764973391, "total_loss": 41.8060222864151}
{"cls_accuracy": 0.875, "data_time": 0.0004757195056299679, "eta_seconds": 10180.922240707732, "iteration": 1199, "loss_att": 6.3861916065216064, "loss_attprec": 25.276649475097656, "loss_cls": 6.240220546722412, "loss_interpretation": 0.7604761719703674, "lr": 0.0001, "time": 0.3226297940054792, "total_loss": 39.090756952762604}
{"cls_accuracy": 0.8958333432674408, "data_time": 0.0003880200019921176, "eta_seconds": 10214.995652639736, "iteration": 1399, "loss_att": 5.780980587005615, "loss_attprec": 18.090310096740723, "loss_cls": 5.4660725593566895, "loss_interpretation": 0.7850261926651001, "lr": 0.0001, "time": 0.3378819019999355, "total_loss": 31.48477590084076}
{"cls_accuracy": 0.8958333432674408, "data_time": 0.0005042859993409365, "eta_seconds": 10200.393267652704, "iteration": 1599, "loss_att": 5.886840343475342, "loss_attprec": 17.351414680480957, "loss_cls": 6.359557628631592, "loss_interpretation": 0.8158327639102936, "lr": 0.0001, "time": 0.33815869099635165, "total_loss": 30.62454652786255}
{"cls_accuracy": 0.9166666865348816, "data_time": 0.00043756249942816794, "eta_seconds": 10164.209049459474, "iteration": 1799, "loss_att": 5.868592262268066, "loss_attprec": 17.471738815307617, "loss_cls": 5.776757478713989, "loss_interpretation": 0.8056748807430267, "lr": 0.0001, "time": 0.34105248549894895, "total_loss": 30.86174950003624}
{"cls_accuracy": 0.9166666865348816, "data_time": 0.0005910469990340061, "eta_seconds": 10094.733235465043, "iteration": 1999, "loss_att": 5.900019884109497, "loss_attprec": 22.28743076324463, "loss_cls": 5.745339870452881, "loss_interpretation": 0.8289242088794708, "lr": 0.0001, "time": 0.3419444930041209, "total_loss": 35.92490291595459}
{"cls_accuracy": 0.875, "data_time": 0.000474252003186848, "eta_seconds": 10023.041873612085, "iteration": 2199, "loss_att": 5.557721376419067, "loss_attprec": 16.058265209197998, "loss_cls": 5.791070222854614, "loss_interpretation": 0.8712874352931976, "lr": 0.0001, "time": 0.33144213049672544, "total_loss": 29.6054767370224}
{"cls_accuracy": 0.9583333730697632, "data_time": 0.0003778885002247989, "eta_seconds": 9947.5466557197, "iteration": 2399, "loss_att": 4.995354890823364, "loss_attprec": 14.201120853424072, "loss_cls": 4.230214476585388, "loss_interpretation": 1.0738129615783691, "lr": 0.0001, "time": 0.33012500199401984, "total_loss": 24.109246909618378}
{"cls_accuracy": 0.9166666865348816, "data_time": 0.0004920084975310601, "eta_seconds": 9845.336322501986, "iteration": 2599, "loss_att": 5.589613437652588, "loss_attprec": 14.95099401473999, "loss_cls": 5.353704452514648, "loss_interpretation": 1.0153772234916687, "lr": 0.0001, "time": 0.32542516050307313, "total_loss": 27.34465977549553}
{"cls_accuracy": 0.9166666865348816, "data_time": 0.00040098799945553765, "eta_seconds": 9711.841392664515, "iteration": 2799, "loss_att": 5.090456008911133, "loss_attprec": 12.830503940582275, "loss_cls": 5.0585503578186035, "loss_interpretation": 1.0518139600753784, "lr": 0.0001, "time": 0.3378866975035635, "total_loss": 24.142280787229538}
{"cls_accuracy": 0.9166666865348816, "data_time": 0.0005380709990276955, "eta_seconds": 9662.290417093325, "iteration": 2999, "loss_att": 5.445004463195801, "loss_attprec": 17.429564476013184, "loss_cls": 4.209726810455322, "loss_interpretation": 0.9243227243423462, "lr": 0.0001, "time": 0.3360763945020153, "total_loss": 29.41412854194641}
{"cls_accuracy": 0.9166666865348816, "data_time": 0.00044580749818123877, "eta_seconds": 9596.39247643511, "iteration": 3199, "loss_att": 5.275817394256592, "loss_attprec": 13.18897008895874, "loss_cls": 5.850618124008179, "loss_interpretation": 1.0303747653961182, "lr": 0.0001, "time": 0.33486698149499716, "total_loss": 24.499984622001648}
